x1,x2,x3,x4,x5,y
0.3681106978803079,-0.7664528816835736,-1.0,1.0,-1.0,0
0.8554743336586441,-0.24501288654914188,1.0,1.0,-1.0,0
-0.5270245741032228,0.6263832384187416,-1.0,1.0,1.0,0
0.616431155162205,-0.47536926312151795,1.0,-1.0,1.0,0
0.016539211943998877,-0.975422482308501,1.0,1.0,-1.0,1
0.756887212241371,0.6802081593123992,1.0,1.0,-1.0,1
0.6662230492759618,-0.9570665843498022,1.0,1.0,-1.0,0
-0.2587788165461056,0.0023969219685424648,1.0,-1.0,-1.0,1
0.32010187712778815,0.2284375708792008,1.0,1.0,-1.0,1
0.820826886001278,-0.8783497236796599,1.0,-1.0,1.0,0
-0.1572771431153056,-0.4879741683575818,1.0,-1.0,1.0,1
0.1579600182887959,0.4211919509611859,-1.0,1.0,1.0,1
0.8198185030222673,-0.360830526716032,-1.0,1.0,-1.0,0
0.5066785041575732,-0.9310792250639714,1.0,-1.0,-1.0,0
-0.14191350055966445,0.7118520649488622,-1.0,1.0,1.0,0
-0.30654562686249986,0.2652009268635258,1.0,-1.0,1.0,0
0.7120016404365144,0.7058699358407632,-1.0,1.0,-1.0,1
0.6187131556037824,-0.09657269714120542,1.0,1.0,-1.0,0
0.10361795045792577,-0.2527156277182655,1.0,1.0,1.0,0
0.606436556085046,0.9849537547644873,1.0,1.0,1.0,1
0.06495173242977281,-0.4286638722208579,-1.0,1.0,-1.0,0
0.032913010630942985,-0.9623370067341794,-1.0,-1.0,-1.0,0
0.20046607501650548,-0.6303350914612784,-1.0,1.0,-1.0,0
-0.10528493689703389,0.015312383091070858,-1.0,1.0,1.0,1
0.5562023934685776,0.17132955792478843,-1.0,-1.0,-1.0,1
0.6060620873129474,-0.8519770460208825,1.0,-1.0,1.0,0
-0.8385264138954442,-0.0797658115043387,-1.0,-1.0,-1.0,1
-0.41420447805018046,-0.1144069815745018,1.0,1.0,1.0,1
0.28176712247192137,-0.02765478433480839,1.0,-1.0,1.0,0
0.4341366115597476,0.8794582361892878,1.0,1.0,-1.0,1
-0.6688226434421221,-0.05543600818512029,-1.0,1.0,1.0,1
0.24684319482964656,-0.16463247162642503,1.0,-1.0,1.0,0
0.7055790953848007,-0.9839740054913924,1.0,1.0,-1.0,0
0.9655669019751627,-0.7469033801145208,1.0,1.0,1.0,0
0.17244970691302175,0.5202767652316262,1.0,1.0,1.0,1
-0.5661472787707416,0.3570477306276605,-1.0,-1.0,1.0,0
0.5247850329954484,0.40051191494183813,-1.0,1.0,-1.0,1
-0.6443488297329416,0.9570682923501768,-1.0,-1.0,1.0,0
0.18424264460655038,-0.751049193978929,1.0,-1.0,-1.0,0
0.47848774378495307,0.032257026182389126,-1.0,1.0,1.0,1
0.3630535239469057,-1.0,1.0,1.0,1.0,0
0.8208092869097743,0.12214522139340422,1.0,-1.0,-1.0,1
0.13518238722761167,-0.332525642466167,-1.0,1.0,-1.0,0
0.5633697565913265,0.6767648857223036,-1.0,-1.0,1.0,1
0.2183163237019079,0.8376739365494987,1.0,-1.0,-1.0,1
0.067861163771328,-0.31044544493654336,-1.0,1.0,-1.0,0
-0.6948471962086245,-0.44103057777783927,-1.0,1.0,-1.0,1
0.5921883390771754,-0.06467624176064202,1.0,1.0,1.0,0
-0.26686247288586085,0.40383692226125767,-1.0,-1.0,1.0,0
-0.7138696978568464,-0.3909801471501544,-1.0,1.0,-1.0,1
0.23400292241707787,0.4301333864266288,1.0,1.0,-1.0,1
0.3909851302617757,0.22552785929681463,-1.0,1.0,1.0,1
0.3772965257933951,0.8288602771050793,1.0,1.0,1.0,1
-0.5635948017742904,-0.35990902281601345,1.0,-1.0,1.0,1
0.7864003475976935,-0.7999962643403034,1.0,1.0,1.0,0
0.6251672927536638,-0.9131392952074039,1.0,1.0,-1.0,0
-0.34529176688738916,0.5475315622107213,1.0,1.0,1.0,0
-0.15828675294437866,-0.14400487829051944,-1.0,-1.0,1.0,1
0.509926287574958,-0.9313045097698399,-1.0,1.0,-1.0,0
0.0416615167340173,0.30807594399776606,1.0,1.0,1.0,1
-0.19303340303624483,-0.4630225885250969,1.0,-1.0,1.0,1
-0.5034113131032296,0.3384164384035353,1.0,-1.0,-1.0,0
-0.9111784107936215,0.3072381983070065,-1.0,1.0,-1.0,0
-0.3658256948387566,-0.2346192965751701,-1.0,1.0,-1.0,1
0.5184325061457971,0.5038707873790491,-1.0,1.0,-1.0,1
0.19406082343960995,0.12103672061109516,-1.0,1.0,-1.0,1
0.5919204107494869,0.943426849135363,1.0,1.0,1.0,1
0.4834969767338637,-0.6639712248105344,1.0,1.0,1.0,0
-0.962908550034904,0.9481424548233965,1.0,1.0,-1.0,0
-0.9170890138115728,0.7754021887525686,-1.0,-1.0,-1.0,0
0.5811057543345577,-0.29552620838630506,-1.0,1.0,1.0,0
0.5237428540131472,-0.604810442011252,1.0,1.0,-1.0,0
0.7677901859350631,-0.3996787447133593,-1.0,-1.0,-1.0,0
0.5227066662375608,0.6764048965621943,1.0,-1.0,-1.0,1
-0.09331527942607332,0.983764156830657,1.0,1.0,-1.0,0
0.385718494944852,0.5756337550976764,1.0,-1.0,-1.0,1
-0.3620334633436779,-0.04455594369682858,-1.0,-1.0,-1.0,1
0.8327959932332878,-0.5789997830349133,1.0,1.0,1.0,0
-0.9662654384706634,-0.2608198993734131,-1.0,-1.0,-1.0,1
-0.6233475300739681,0.2627551083208739,1.0,1.0,-1.0,0
0.41421059903865487,-0.5428976835543273,-1.0,-1.0,-1.0,0
-0.24824351719743087,-0.6404185404173548,1.0,-1.0,-1.0,1
-0.6085456426979144,0.17968371329025845,-1.0,1.0,-1.0,0
0.4763836966256849,0.1488062704740205,1.0,-1.0,1.0,1
0.6657927322533084,0.6783447505451377,1.0,-1.0,1.0,1
-0.054152862193305173,-0.41783706160874934,1.0,-1.0,1.0,1
-0.6505216937473652,-0.7848166615652369,1.0,1.0,1.0,1
0.11550669365019584,-0.17596341168970786,1.0,-1.0,1.0,0
0.974201199716586,0.09812667954632825,1.0,1.0,1.0,1
-0.8407511114828695,0.8468701285299312,-1.0,1.0,1.0,0
-0.9682501198924277,-0.822367051037179,-1.0,1.0,-1.0,1
0.28893662778392715,-0.011077761398381014,-1.0,1.0,1.0,1
0.8039744264872388,-0.8530292377039733,1.0,1.0,-1.0,0
-0.7672784142905325,-0.44583057083390853,-1.0,-1.0,-1.0,1
-0.31883899152099826,-0.8462738205171709,1.0,-1.0,1.0,1
0.17049975425319963,-0.44651620915445,1.0,1.0,1.0,0
-0.8588122067087279,-0.6300272780437459,1.0,-1.0,-1.0,1
0.7374971237165084,-0.33358395207281233,1.0,1.0,1.0,0
-0.12457049504438678,0.6274571259978146,1.0,-1.0,1.0,0
0.23183009169735191,-0.7070412980619813,1.0,1.0,-1.0,0
-0.24775447601056388,-0.46453059336025315,-1.0,1.0,-1.0,1
0.12922641251125588,-0.4320671752096771,1.0,1.0,-1.0,0
0.7166305064198712,-0.5712483225081129,-1.0,1.0,1.0,0
-0.39782124425687715,0.0580673169496686,-1.0,1.0,-1.0,0
0.9517707039659118,0.570597361436729,-1.0,-1.0,-1.0,1
0.39766663326469986,-0.41496006566681287,-1.0,1.0,1.0,0
0.7103166289687477,0.966688992523812,1.0,1.0,1.0,1
0.86313698118175,0.6915315407304075,1.0,1.0,1.0,1
0.5524418293120259,-0.5004868967080144,1.0,-1.0,1.0,0
0.34560531721833065,0.5104093417924103,-1.0,-1.0,-1.0,1
-0.21487019778240402,0.9474301936455869,-1.0,1.0,-1.0,0
0.3243403720006577,0.6283212148944493,1.0,-1.0,-1.0,1
0.18377469135043856,-0.9626734925953326,1.0,-1.0,1.0,0
-0.2991634422875409,-0.06878296930286476,1.0,1.0,1.0,1
0.7469739472761969,0.1960922130807683,1.0,-1.0,1.0,1
0.1008023855522231,0.2360043856461298,1.0,-1.0,1.0,1
-0.12137640344967748,-0.5408591570832746,-1.0,-1.0,1.0,1
-0.7870829571253241,0.19790724280153604,1.0,1.0,-1.0,0
0.4445595063890293,0.9960575136229401,-1.0,1.0,1.0,1
0.31557435813393275,0.4974143834437914,1.0,1.0,-1.0,1
-0.21419745018552017,0.3843803670596333,1.0,-1.0,-1.0,0
0.6183531018966166,-0.7070821569292915,-1.0,1.0,1.0,0
-0.8355314783110408,0.7529778348120493,-1.0,1.0,1.0,0
0.7698409901512357,0.30550836891029687,-1.0,1.0,1.0,1
-0.6202727531164185,0.23302069747050846,-1.0,-1.0,-1.0,0
0.9454308667591935,-0.9134270809066477,-1.0,1.0,1.0,0
-0.8400535083171417,0.10169938637952147,1.0,-1.0,-1.0,0
0.006976996210013908,-0.7957041964965884,-1.0,1.0,1.0,1
-0.5969129492087808,0.42152246486440803,-1.0,1.0,-1.0,0
-0.3833736041816851,-0.5694659455468865,1.0,1.0,1.0,1
0.8813556793506996,0.16366251080342176,1.0,-1.0,-1.0,1
0.2506941459483172,0.6151577350425663,-1.0,1.0,1.0,1
0.2400354031921328,0.7197888365467102,-1.0,1.0,-1.0,1
0.28864624041054543,0.9434461780982164,-1.0,1.0,1.0,1
-0.3704099400282729,0.3027711718399999,-1.0,-1.0,1.0,0
0.022835868002533788,-0.49071438685328317,1.0,-1.0,-1.0,1
-0.24708716734506475,-0.5299755135555534,1.0,1.0,-1.0,1
0.14533318054875988,0.6760724374797293,1.0,1.0,1.0,1
0.022793400161616795,0.42142361361399905,-1.0,1.0,1.0,1
0.2815782156074229,-0.21666750103288668,1.0,1.0,-1.0,0
-0.37377431993943444,-0.2915282899398819,-1.0,1.0,1.0,1
-0.9835301191533131,0.878334536169767,1.0,1.0,1.0,0
0.05447037752369388,-0.22346228711544613,-1.0,1.0,-1.0,0
-0.7936114712426544,0.9279177885021579,1.0,-1.0,-1.0,0
-0.2742048363879038,-0.08281911459915492,1.0,-1.0,1.0,1
0.3058796987183432,0.5907004938789187,-1.0,-1.0,1.0,1
-0.5039858947964311,0.7110462153873609,1.0,1.0,1.0,0
0.029500594761862065,0.8223712399562386,-1.0,-1.0,-1.0,1
-0.03650683356290629,-0.28374890792183716,1.0,-1.0,-1.0,1
-0.8792734114703458,-0.2500627366688387,-1.0,1.0,1.0,1
0.4074387678785154,0.5242505443449785,1.0,1.0,1.0,1
-0.1689526746281126,0.9934223824897626,-1.0,1.0,1.0,0
-0.9182885408258336,-0.074611925132396,-1.0,1.0,1.0,1
0.8550365979249528,0.44784054690917174,1.0,-1.0,-1.0,1
0.13973849150681739,-0.9204564188334406,-1.0,1.0,-1.0,0
0.23198722642290326,-0.4123177147669136,1.0,1.0,-1.0,0
0.14076918687362494,0.6757301193878287,1.0,-1.0,-1.0,1
-0.016340756884460017,-0.22584817683649383,1.0,-1.0,1.0,1
0.6513327865041285,-0.048184355660636724,-1.0,-1.0,-1.0,0
-0.5334544340359321,-0.6936232221676859,-1.0,-1.0,1.0,1
0.6874815165132517,0.6621170343144289,-1.0,1.0,-1.0,1
0.5307743176022715,0.10691854890453834,1.0,-1.0,1.0,1
-0.5787523954846765,-0.26723903762582035,-1.0,-1.0,-1.0,1
0.9515146480405394,0.12474412293139725,1.0,-1.0,1.0,1
0.558751039567108,-0.32735542766885517,-1.0,1.0,-1.0,0
0.14871195650789581,0.2172304870027406,-1.0,1.0,1.0,1
0.05832980348920702,-0.028827991894404215,-1.0,1.0,1.0,1
-0.1322067968890075,0.2114406321931439,1.0,1.0,-1.0,0
0.8406903036304878,-0.017233971085502287,-1.0,1.0,-1.0,0
0.10892771881263053,0.3370938611151495,1.0,1.0,-1.0,1
0.213445452487935,0.4295377246029384,1.0,-1.0,-1.0,1
0.4472704837100512,-0.13781216949809982,-1.0,-1.0,-1.0,0
-0.7149450863151379,-0.037987259202070245,-1.0,-1.0,-1.0,1
-0.6005363703416973,0.3229814691093089,1.0,1.0,1.0,0
0.3348560049529077,-0.6732876262606098,-1.0,1.0,1.0,0
-0.3286052675792166,0.8676473570557144,1.0,-1.0,-1.0,0
-0.2784496694649854,-0.35289372665753604,1.0,1.0,1.0,1
-0.8184615817185455,-0.032342717561162804,1.0,1.0,-1.0,1
0.5947402560272874,0.9658148873353416,-1.0,1.0,-1.0,1
0.8077068716959874,0.2140328868532111,-1.0,1.0,1.0,1
0.6909560162244288,0.7207421103119125,-1.0,-1.0,-1.0,1
0.2717604398336053,-0.1564768769049537,-1.0,-1.0,-1.0,0
0.994896393418572,0.8356237754012934,-1.0,-1.0,1.0,1
-0.7508403878237316,-0.7953736626319449,1.0,-1.0,-1.0,1
0.46254455543508577,-0.7199670475489743,-1.0,1.0,1.0,0
-0.4568897939229877,0.08206315605608827,-1.0,1.0,1.0,0
-0.8486515816479017,0.16777561170867616,-1.0,-1.0,-1.0,0
-0.6288297107915025,-0.91563874108389,-1.0,1.0,-1.0,1
0.9346582049094794,-0.810883778073589,-1.0,1.0,1.0,0
0.42738629346883794,-0.5045217170394154,-1.0,-1.0,-1.0,0
0.8917846944768522,-0.08273209247482527,-1.0,1.0,1.0,0
0.9435165190637209,-0.260705045203543,-1.0,1.0,-1.0,0
0.15799371623337533,-0.38033390642306697,1.0,-1.0,-1.0,0
0.7050729271787379,-0.9183851105783876,-1.0,1.0,1.0,0
-0.5485425374753702,-0.6217037694729455,-1.0,-1.0,1.0,1
0.3115508952926149,-0.6579005719489865,-1.0,-1.0,1.0,0
0.2655181732432499,0.4042927541903425,1.0,-1.0,1.0,1
-0.7365445082404883,0.039240457793578765,1.0,1.0,-1.0,0
0.053593982041407084,-0.6958627630202946,-1.0,-1.0,-1.0,0
-0.1851807182499402,0.9483814612438983,1.0,1.0,-1.0,0
-0.17605504803079175,-0.6444109571891211,1.0,1.0,-1.0,1
0.2831351705558318,-0.7960856978495834,1.0,-1.0,1.0,0
-0.15164265398503773,-0.35661367658111065,-1.0,-1.0,-1.0,1
0.6842618150420976,0.8366594279714163,-1.0,-1.0,1.0,1
0.7301866541522615,0.34026270684253834,1.0,1.0,1.0,1
-0.6624867273782404,0.7886404139302363,-1.0,1.0,1.0,0
0.3905148695524727,-0.472021131931319,-1.0,1.0,1.0,0
-0.5168701839047593,-0.18954247557559223,1.0,-1.0,-1.0,1
0.4476181298642228,0.27676233839528996,1.0,-1.0,-1.0,1
-0.9303836766911507,-0.6372205207770403,-1.0,-1.0,-1.0,1
-0.5441146550901756,-0.08549073736359225,1.0,-1.0,-1.0,1
0.2213597869751862,0.1885204190724119,-1.0,1.0,1.0,1
-0.2018850676748032,-0.2448533609043151,-1.0,-1.0,-1.0,1
0.3515883884704718,-0.04681754357057655,-1.0,-1.0,-1.0,0
-0.35916240362921525,0.2743338517679539,1.0,1.0,-1.0,0
-0.6946668474303872,-0.24043457534044854,1.0,-1.0,-1.0,1
0.8477126461953655,-0.7887295091340067,1.0,-1.0,-1.0,0
-0.8808966599139247,0.8822721348965452,-1.0,1.0,1.0,0
-0.44491170435336225,-0.13465669869740005,-1.0,-1.0,1.0,1
0.9132492995506547,-0.41109017084527655,-1.0,1.0,1.0,0
-0.5042005241392395,0.45265701782964163,1.0,1.0,-1.0,0
-0.16868167711312232,0.2607363396246747,-1.0,-1.0,-1.0,0
-0.29580057850639907,-0.5655783942683892,1.0,1.0,1.0,1
0.21476283260380602,0.22102429198516682,-1.0,1.0,1.0,1
-0.7765918251713005,-0.5307667112053747,-1.0,1.0,-1.0,1
-0.9169875525136102,0.21505141024381946,-1.0,1.0,1.0,0
0.08323681924111659,-0.2830610221081654,-1.0,1.0,-1.0,0
-0.4414602613987839,0.02142324355299685,-1.0,-1.0,1.0,0
-0.4306795301897163,0.7325827254838537,-1.0,-1.0,1.0,0
-0.772139316217222,-0.8198305667056246,1.0,-1.0,1.0,1
0.9699103710353336,-0.8638407043617762,-1.0,-1.0,-1.0,0
-0.7493366195969757,0.32588045079775907,-1.0,-1.0,-1.0,0
0.32596016765925806,0.5282512273311406,1.0,-1.0,-1.0,1
0.2112714697810456,-0.1913179830399261,-1.0,1.0,-1.0,0
-0.3814145935165075,-0.5147501327898686,-1.0,1.0,-1.0,1
0.8411771047789509,-0.22498428826338301,-1.0,1.0,1.0,0
0.3884972506319353,0.9506766696563302,-1.0,1.0,1.0,1
-0.21619712298301774,0.030080905827181592,1.0,1.0,1.0,0
0.3496621471133452,-0.8417604546504045,-1.0,-1.0,-1.0,0
0.3526686203850966,0.39490875717731533,-1.0,1.0,1.0,1
-0.7506276399542864,-0.8326535840543343,1.0,-1.0,1.0,1
-0.37756920177046194,-0.3202363657902346,-1.0,-1.0,1.0,1
-0.914199606621536,-0.022903113224491678,-1.0,1.0,1.0,1
-0.5546465389326394,0.08035218407506473,-1.0,1.0,-1.0,0
-0.5223372317366499,-0.9743321491844847,-1.0,1.0,-1.0,1
0.5381156930018454,0.6422363157272064,1.0,-1.0,1.0,1
-0.42494461230461544,-0.872265138529878,1.0,1.0,1.0,1
-0.007473926857060276,-0.19437954857288164,-1.0,-1.0,1.0,1
-0.127884840001539,0.0956214161442901,1.0,1.0,1.0,0
-0.9619615629990504,-0.6840488494505779,1.0,1.0,-1.0,1
0.40499586273639987,0.5899838013758916,1.0,-1.0,1.0,1
-0.11475896410385222,-0.03552179829834046,1.0,-1.0,-1.0,1
-0.5170207635079,0.9181126720418198,-1.0,1.0,1.0,0
0.18577627336641056,0.7269745520169879,-1.0,1.0,-1.0,1
-0.2734996413670333,-0.023779701239096895,1.0,1.0,1.0,1
-0.15533456784392208,-0.36939510897175953,-1.0,-1.0,1.0,1
0.9206776903439111,0.850437349284773,-1.0,1.0,-1.0,1
-0.7561153358676858,0.03331908128378536,-1.0,-1.0,1.0,0
0.287776691130337,0.43424797418607053,1.0,1.0,-1.0,1
0.7375444327162206,-0.3293013784385854,-1.0,1.0,1.0,0
0.5563679154993046,0.008916961039292515,1.0,1.0,-1.0,1
0.18238645565327438,-0.7435939584205487,1.0,1.0,-1.0,0
-0.6573754643333907,-0.10056631827811302,1.0,-1.0,1.0,1
0.027149981439855697,0.9663665263394201,1.0,1.0,1.0,1
0.8905635802376826,-0.4673191263626669,-1.0,1.0,-1.0,0
-0.30861989825086267,-0.7445800418307884,1.0,-1.0,-1.0,1
-0.6321718155335024,-0.7275545267395758,1.0,-1.0,1.0,1
-0.053114799993850936,-0.813110158650799,-1.0,1.0,1.0,1
-0.42234687469067667,0.13186550264786168,-1.0,-1.0,1.0,0
-0.4702996873953488,-0.6140491484435981,-1.0,-1.0,-1.0,1
-0.6827463681931133,0.7742345568073294,1.0,1.0,1.0,0
0.9207815509403787,-0.4675556417383444,-1.0,1.0,-1.0,0
-0.1647255233176118,-0.7674686033453876,-1.0,1.0,-1.0,1
0.49515132528223993,0.15945666983947238,-1.0,1.0,1.0,1
0.7317559608390458,-0.3748709089140979,-1.0,1.0,-1.0,0
0.836094244788669,0.6287830855920831,1.0,-1.0,-1.0,1
0.604122859685073,0.3939749095747638,-1.0,-1.0,-1.0,1
-0.0361147776282974,0.5443816701923396,-1.0,-1.0,-1.0,0
-0.9150610439890567,0.07241620718251873,1.0,-1.0,1.0,0
0.2581023700463698,-0.2935474053742949,-1.0,1.0,-1.0,0
0.0037879024354467994,0.7077956934172247,-1.0,1.0,1.0,0
-0.13054697131129134,0.576378747999658,-1.0,-1.0,-1.0,0
0.4250824256634542,-0.7512276091967351,-1.0,-1.0,-1.0,0
0.9069416785507975,-0.8500486584693088,1.0,1.0,1.0,0
0.9652740948572549,-0.8280285612118377,-1.0,-1.0,1.0,0
0.06171548597944887,0.46142184804576103,-1.0,1.0,1.0,1
0.8710354487867122,0.1760309963040494,1.0,-1.0,-1.0,1
-0.8737965246808236,0.578705777780983,1.0,1.0,1.0,0
-0.32614755636821713,0.7382921550106889,1.0,-1.0,1.0,0
0.8910397840263042,0.84824274696833,1.0,1.0,1.0,1
-0.8292983247891818,-0.20960275447454002,-1.0,1.0,1.0,1
0.570407258595778,-0.08127245924275739,-1.0,1.0,1.0,0
-0.44027223649269787,0.19077389249599808,-1.0,1.0,1.0,0
-0.680557039560417,0.1524748312658153,-1.0,-1.0,1.0,0
-0.6580282199684937,0.8603327199348525,1.0,-1.0,-1.0,0
0.5339131804438131,-0.13172019962685,-1.0,1.0,1.0,0
0.561722351058572,-0.7658501601042009,-1.0,1.0,-1.0,0
-0.4049438220399232,-0.01654480490666066,1.0,1.0,1.0,1
-0.7299329441993037,-0.7090618642564711,1.0,-1.0,1.0,1
0.6996986265687186,0.9143530811966714,1.0,1.0,1.0,1
0.02764443126761429,0.09937011705136567,1.0,-1.0,-1.0,1
0.23263936288338005,-0.23650977002285467,1.0,1.0,-1.0,0
0.32671739339167805,0.6592251026509923,-1.0,1.0,1.0,1
0.40380960231019714,-0.9513909924063385,-1.0,-1.0,1.0,0
0.39043333597341534,-0.2765694796608832,-1.0,-1.0,-1.0,0
-0.34255760838337723,-0.7360799403821237,1.0,1.0,1.0,1
-0.5678115592453811,0.7103828471859366,1.0,1.0,1.0,0
-0.8072738587766799,0.41176512896617834,1.0,1.0,1.0,0
0.27647141339564274,0.6193536824715593,1.0,1.0,1.0,1
-0.8844205932570341,-0.12653730668543628,-1.0,-1.0,-1.0,1
-0.47798049788107067,-0.5254782520926007,-1.0,1.0,-1.0,1
0.9184383696580265,0.8020132464688499,-1.0,1.0,1.0,1
-0.34658858957545824,0.30730437370846997,-1.0,-1.0,-1.0,0
0.3350096869970185,-0.10287703762957967,-1.0,-1.0,-1.0,0
-0.3035032059732362,-0.47832384286277685,1.0,-1.0,1.0,1
0.14105484838124682,-0.5991121039334801,1.0,1.0,1.0,0
0.6194195134567673,-0.1617885097446523,1.0,-1.0,1.0,0
-0.0816513189026209,-0.1908025253185549,-1.0,-1.0,-1.0,1
-0.6318113819802997,0.5763754885873953,-1.0,1.0,1.0,0
-0.22445279984286215,0.5028220426395125,-1.0,1.0,1.0,0
-0.26566790121455375,0.374995994813464,-1.0,1.0,-1.0,0
0.5623525007892578,-0.9725696935570556,1.0,1.0,-1.0,0
-0.9906362272353574,0.36679058894323724,-1.0,1.0,1.0,0
-0.8889160519391781,-0.7331143708950475,1.0,-1.0,-1.0,1
-0.680727816476534,-0.9774842386785696,-1.0,1.0,-1.0,1
0.8870748033777174,-0.7496652387434111,-1.0,-1.0,1.0,0
0.15411269325793575,0.6787495940291568,1.0,1.0,1.0,1
-0.8869374499170647,-0.3630293655164367,-1.0,1.0,1.0,1
-0.14643142109553287,0.16809591240790311,-1.0,1.0,-1.0,0
0.9005763391641852,0.43026722764314984,1.0,-1.0,-1.0,1
-0.47657517038094754,0.8777839420937192,-1.0,-1.0,-1.0,0
0.24813798116710428,-0.3461254105788021,-1.0,-1.0,1.0,0
0.930844303054398,0.21238641624966137,1.0,-1.0,1.0,1
-0.855840264147157,0.9375104796248361,-1.0,-1.0,1.0,0
0.9186858415486832,0.2772054862803557,1.0,1.0,1.0,1
0.26853501092926946,0.7110014960877009,1.0,-1.0,-1.0,1
0.7764427311673241,-0.9908875574981361,-1.0,-1.0,-1.0,0
-0.5234061018613541,0.5801277693975433,-1.0,-1.0,1.0,0
0.773688047498067,-0.10075245147425071,-1.0,-1.0,1.0,0
-0.7165695614754115,0.8540762681204805,-1.0,-1.0,-1.0,0
-0.21618696387821468,-0.7002247641335351,-1.0,1.0,-1.0,1
0.16426898764559583,0.3852771116308287,1.0,1.0,1.0,1
0.9009283870003308,-0.9425702540366525,1.0,1.0,1.0,0
0.8133295305571762,0.4210175347923235,-1.0,-1.0,1.0,1
-0.15548411051384436,0.4158563415344365,-1.0,1.0,-1.0,0
0.21170634333075444,0.1742952992417055,-1.0,1.0,-1.0,1
0.6554511013235196,0.9203645426514211,-1.0,-1.0,-1.0,1
-0.09568083629694468,0.6613442176085056,1.0,1.0,1.0,0
0.5296622289152471,-0.4374018659714245,-1.0,1.0,1.0,0
-0.5521211079787296,0.9050599812832267,1.0,1.0,-1.0,0
0.9971462837913272,-0.030368057119550262,-1.0,1.0,-1.0,0
-0.27563417333168494,-0.9377763579580471,1.0,-1.0,1.0,1
1.0,-0.10777200852000124,-1.0,1.0,-1.0,0
0.08693285948578744,0.09270080672258496,-1.0,1.0,-1.0,1
0.20890596119313232,0.8648109585342976,-1.0,-1.0,1.0,1
0.8615896128945038,0.5200198044092885,1.0,-1.0,-1.0,1
0.8649015524288377,0.27737891408186166,1.0,1.0,-1.0,1
-0.7212845957452704,0.28456045014146847,-1.0,1.0,-1.0,0
-0.9300314090267959,-0.15634826963581083,1.0,-1.0,-1.0,1
0.34022179825890997,-0.4109286689824858,-1.0,1.0,1.0,0
0.23739878887085397,0.964196080515358,1.0,1.0,-1.0,1
-0.9344264599024833,-0.39047887829121586,1.0,1.0,-1.0,1
-0.43653624837804395,0.7135662332657886,-1.0,-1.0,1.0,0
0.018428601261918143,0.0189133018394696,-1.0,-1.0,-1.0,1
-0.9067281598922978,0.5847809501772461,1.0,1.0,1.0,0
-0.4665541402976694,-0.788939435853688,1.0,-1.0,-1.0,1
0.4673777577340772,-0.09602011499762442,1.0,-1.0,-1.0,0
-0.7990592298851643,0.2555011465600463,1.0,1.0,-1.0,0
0.5034945137458406,0.11940558172939375,-1.0,-1.0,1.0,1
0.2613885486512739,-0.275473466035038,-1.0,1.0,-1.0,0
-0.6334324962099269,0.9079738630259131,-1.0,-1.0,-1.0,0
0.5101423274904553,-0.5182417547048805,1.0,1.0,-1.0,0
0.08560236218635908,0.7694624276827735,-1.0,-1.0,1.0,1
-0.21588260688101724,-0.04094267500126658,1.0,-1.0,1.0,1
0.28151372776328176,-0.3165890846214514,1.0,1.0,-1.0,0
-0.9295895245770271,-0.6336114402227497,-1.0,1.0,1.0,1
0.7149842691115094,-0.673362934160256,-1.0,1.0,-1.0,0
0.2803057471710597,0.4958119923335196,-1.0,1.0,-1.0,1
0.7202187107243825,-0.1801794956358055,-1.0,-1.0,-1.0,0
0.2896259280790734,-0.8704160141777456,-1.0,1.0,-1.0,0
-0.05627244077797533,-0.23312314309583038,1.0,1.0,-1.0,1
-0.5312320673657156,-0.19372441682561803,-1.0,-1.0,1.0,1
-0.09826005454849562,-0.2877075078592277,-1.0,-1.0,-1.0,1
-0.9913532093118675,0.9673818065355537,-1.0,-1.0,-1.0,0
0.5130384691909973,-0.12453416114609195,1.0,1.0,-1.0,0
0.840163379663931,0.05531726052965413,1.0,-1.0,-1.0,1
0.25033037318472284,0.35143359861522616,-1.0,1.0,-1.0,1
-0.5679322120966659,-0.051846387487241574,-1.0,-1.0,1.0,1
-0.8434187487094624,-0.11055927747390282,-1.0,1.0,1.0,1
-0.4190977840108787,-0.38398137942472943,-1.0,-1.0,-1.0,1
0.5178122541015224,-0.19332541011471382,-1.0,1.0,1.0,0
-0.7949860966308058,-0.20644499011741502,-1.0,-1.0,-1.0,1
0.9885471714645546,-0.565520345591846,-1.0,-1.0,1.0,0
0.06806674263704293,-0.8197361539354953,1.0,-1.0,1.0,0
0.3259937711822949,0.16287811480303405,1.0,-1.0,1.0,1
0.3731334553033747,0.024328939859603826,-1.0,1.0,-1.0,1
-0.1413883472876456,0.014655512095639756,1.0,1.0,-1.0,1
0.9679239976279774,-0.9890089844489949,1.0,1.0,-1.0,0
0.33359987158895765,-0.6607707680926795,1.0,-1.0,-1.0,0
-0.10280766525203566,-0.7187648594543053,1.0,-1.0,-1.0,1
0.7958390745759687,0.43326896202259424,-1.0,-1.0,1.0,1
0.23848581894812737,0.6180836281917381,1.0,-1.0,1.0,1
-0.12660581253088576,0.5107566124073852,-1.0,-1.0,-1.0,0
0.9606520863785497,-0.09355164844068053,1.0,1.0,1.0,0
0.6671406377773106,-0.7623312085559752,-1.0,-1.0,1.0,0
0.8660252536200574,-0.01651289230071018,1.0,1.0,-1.0,0
0.5289223735444903,-0.5830334511750199,1.0,-1.0,-1.0,0
-0.9756332702610788,-0.7399645486849438,1.0,-1.0,-1.0,1
-0.23883543736169155,-0.6638986609113844,1.0,1.0,1.0,1
0.5036586584761404,0.051297855673464676,1.0,1.0,1.0,1
-0.4867116051005983,-0.226469442254837,1.0,-1.0,1.0,1
-0.17071108306077742,0.15958825866595694,1.0,1.0,-1.0,0
-0.6006539743482009,0.9935479309297852,-1.0,1.0,1.0,0
-0.2585268119265317,-0.11510951150350557,1.0,-1.0,-1.0,1
0.63486206272822,0.8040115671199966,-1.0,1.0,-1.0,1
0.26452610382854913,-0.05943745404707568,1.0,-1.0,-1.0,0
-0.04499192817908748,0.9382626992108825,1.0,1.0,-1.0,0
-0.5468423738991284,-0.26589393879201817,1.0,-1.0,-1.0,1
-0.41610121390311283,-0.45396279664675576,1.0,1.0,1.0,1
0.9741085131275316,0.01692260442646698,-1.0,-1.0,-1.0,1
-0.6121847385281547,-0.27766882292437256,1.0,-1.0,-1.0,1
-0.6588108776050332,0.890151504588442,1.0,1.0,1.0,0
0.004435405952465388,-0.357052911404415,-1.0,1.0,-1.0,1
-0.8720043473560681,0.12391322662998983,-1.0,1.0,1.0,0
-0.5979301264043928,0.009239893828092871,-1.0,1.0,1.0,1
-0.4110971890693381,0.5018546522377731,-1.0,-1.0,1.0,0
-0.6683767956709594,0.5881750882381447,1.0,1.0,-1.0,0
-0.08877213783517157,-0.5101871390549166,1.0,-1.0,1.0,1
0.7079927628024161,0.6749677072066733,-1.0,1.0,-1.0,1
0.46836214487104333,-0.568907805155529,-1.0,-1.0,1.0,0
0.020672647330689298,0.4522418347499262,-1.0,-1.0,-1.0,1
-0.2919488855010183,-0.04357747089210806,1.0,-1.0,1.0,1
0.9605287630923571,0.06285428347703581,-1.0,1.0,1.0,1
0.3194605181151702,-0.6040662430870126,-1.0,1.0,1.0,0
-0.05853179850247503,-0.40174897525423936,1.0,-1.0,-1.0,1
-0.18856828584312146,0.7331730793656328,1.0,-1.0,-1.0,0
-0.024493273591049136,-0.6629072030480271,-1.0,-1.0,1.0,1
-0.4685690968206997,0.21262860801748262,-1.0,1.0,-1.0,0
0.38019539195757646,0.44386700702245174,-1.0,1.0,-1.0,1
-0.1358306585952307,-0.33494914153369026,-1.0,-1.0,1.0,1
0.038940774325930905,-0.9825057819350052,-1.0,-1.0,-1.0,0
-0.8884291247457483,-0.9857311774518702,1.0,-1.0,1.0,1
-0.20412274038817013,-0.5892012591160668,1.0,1.0,1.0,1
-0.029887543463735233,-0.30402365493875894,-1.0,-1.0,-1.0,1
0.1870662394052196,0.258495412301075,-1.0,-1.0,1.0,1
0.6043949199775256,-0.6360356798992169,-1.0,-1.0,-1.0,0
-0.029469061249730588,-0.9542015255207199,1.0,-1.0,-1.0,1
0.09044998592823283,-0.44410142720610635,1.0,1.0,-1.0,0
-0.674149660899912,-0.6999254310962557,1.0,-1.0,1.0,1
0.9664842334345705,-0.4897681671069376,-1.0,1.0,-1.0,0
-0.4546956451186164,0.6151205244291775,-1.0,-1.0,-1.0,0
-0.5398302370222483,-0.8588050818832241,1.0,-1.0,1.0,1
0.5274355538316897,-0.10166114853353214,-1.0,-1.0,1.0,0
-0.12417739048886567,0.7200704401305658,-1.0,1.0,1.0,0
-0.45829500629012443,-0.5232446019362803,1.0,1.0,1.0,1
0.05635235095251523,-0.32623363919222215,-1.0,1.0,1.0,0
-0.26418157869526937,0.8120652952567995,1.0,1.0,1.0,0
-0.9315128850282278,0.17141333428870964,1.0,1.0,-1.0,0
-0.49565686209831594,0.2058427004374339,1.0,-1.0,1.0,0
0.3667582627087935,0.3785546662742154,1.0,-1.0,-1.0,1
0.3970262309741488,-0.7466492171502149,1.0,1.0,1.0,0
-0.08787810842777222,0.796033895530809,1.0,-1.0,-1.0,0
-0.6458990548517554,0.15227515564825977,1.0,1.0,-1.0,0
0.6901877855115541,-0.07698655387519426,1.0,-1.0,1.0,0
-0.9659259262169371,-0.9723102536501514,-1.0,-1.0,1.0,1
0.7452205215028112,0.9574921359889925,-1.0,1.0,-1.0,1
0.2422868896098056,-0.3753241237843068,-1.0,1.0,1.0,0
-0.39006480351869166,-0.7172052465166325,-1.0,-1.0,-1.0,1
0.9803635890455147,-0.23447582034770453,-1.0,1.0,1.0,0
0.8290379791349176,0.47043062376705125,-1.0,-1.0,-1.0,1
-0.04872016090546227,-0.9350936787742025,1.0,-1.0,-1.0,1
0.09189007012754091,0.9569317153349877,1.0,-1.0,-1.0,1
-0.5497387928957966,0.6918140204022272,-1.0,1.0,1.0,0
-0.8883777400824102,0.2309448847123523,-1.0,1.0,1.0,0
0.8260846736804608,-0.1916922798349614,-1.0,-1.0,-1.0,0
-0.1794821225171631,-0.2649163258076038,1.0,-1.0,1.0,1
0.2549644330341132,0.839200223605415,-1.0,1.0,1.0,1
-0.6196017709006019,0.08983452646819545,1.0,1.0,1.0,0
0.33926848573964796,0.8950879040599837,1.0,1.0,1.0,1
-0.2308137351988352,0.9004465779316122,-1.0,1.0,-1.0,0
0.11107277138378935,0.13744306841291265,1.0,-1.0,-1.0,1
-0.8271558976062,-0.3260836972924488,-1.0,-1.0,-1.0,1
0.6279813096826405,-0.8593474623733997,1.0,-1.0,-1.0,0
0.5575838452023478,-0.47542242691473646,1.0,-1.0,-1.0,0
-0.008723047080201662,-0.3014653043298675,-1.0,-1.0,1.0,1
0.632867088118181,0.7447724764194272,-1.0,-1.0,1.0,1
0.9243556717403902,-0.5193648208992064,1.0,1.0,1.0,0
-0.8007874601192579,-0.47646875472265326,1.0,-1.0,1.0,1
0.522629625501893,0.6231291716258862,-1.0,-1.0,-1.0,1
-0.48438947288882883,-0.8133197565191601,1.0,-1.0,1.0,1
-0.5854736449872365,0.13009044752118037,1.0,1.0,1.0,0
0.5029764999518087,-0.4338467140461635,-1.0,-1.0,1.0,0
0.5491084854513795,0.4637761236708271,-1.0,1.0,1.0,1
0.6755700000916935,-0.5233313279109209,1.0,1.0,1.0,0
-0.5363071013761125,-0.6646922866788708,-1.0,-1.0,1.0,1
0.3592695929207017,0.4895571372307026,-1.0,-1.0,-1.0,1
0.5538437513028986,-0.9391195676621953,1.0,-1.0,1.0,0
-0.4197329069268376,0.2154387343315458,1.0,-1.0,1.0,0
0.6550322353359599,0.2577146263777996,-1.0,-1.0,-1.0,1
0.5473608396302172,-0.5773057221139226,-1.0,-1.0,1.0,0
-0.8860401112881664,-0.8950622062066528,-1.0,1.0,-1.0,1
0.04125359149617336,-0.9072760801149581,-1.0,-1.0,1.0,0
0.8446250384676652,-0.6018130372702986,1.0,1.0,1.0,0
0.5907018641508779,-0.03900985231862231,-1.0,1.0,1.0,0
0.4124495822191492,-0.5802555413125176,1.0,-1.0,1.0,0
0.6064174594065712,-0.4230219976019991,-1.0,1.0,1.0,0
-0.46870481861751023,0.7625908340725189,-1.0,-1.0,1.0,0
-0.6004188551721286,-0.2211587275291238,1.0,-1.0,-1.0,1
0.922246300680895,-0.7188078732941808,1.0,1.0,-1.0,0
-0.8313040326060348,-0.23166018137320754,1.0,1.0,1.0,1
0.9042701491072669,-0.2937617269631969,-1.0,-1.0,1.0,0
0.025398928486438654,-0.6435802128148584,1.0,-1.0,1.0,1
-0.8429135649911363,0.613513421198135,-1.0,-1.0,1.0,0
-0.15865780281996034,-0.9654568183626945,-1.0,-1.0,-1.0,1
-0.3988377787554721,0.042520495616578335,1.0,-1.0,-1.0,0
-0.9186490133484008,0.0447880964322791,1.0,-1.0,-1.0,0
0.3406585564829432,-0.039262644954173864,-1.0,1.0,-1.0,0
-0.482646044848021,0.6318288736438089,-1.0,-1.0,-1.0,0
-0.8291178097476865,0.20061853744094837,1.0,-1.0,1.0,0
-0.3720172577573252,0.47733114545332733,1.0,1.0,1.0,0
-0.9410408387925722,-0.9151787138386099,-1.0,1.0,1.0,1
-0.37360415062762775,0.6204634354014671,1.0,-1.0,1.0,0
-0.37953281827822005,0.507020692341954,-1.0,-1.0,-1.0,0
0.29205371044109496,0.7178864732155024,1.0,1.0,1.0,1
0.033263758689162204,0.12813684685446192,-1.0,1.0,1.0,1
0.8155270654751556,0.8017556653593465,-1.0,1.0,-1.0,1
-0.8139881592078209,0.17542761450315458,-1.0,1.0,-1.0,0
0.1352042168938994,0.9046504265083026,1.0,-1.0,-1.0,1
-0.6681307637733874,-0.5459654237592282,1.0,-1.0,1.0,1
0.5618406667155724,0.005992865186446927,-1.0,1.0,-1.0,1
0.15660653817269887,0.023878310700467198,-1.0,-1.0,1.0,1
-0.9410029789493412,-0.8875459121371432,1.0,-1.0,1.0,1
0.5579083936840781,0.18904297064236308,-1.0,1.0,-1.0,1
0.07424019895422651,-0.5468233251891573,-1.0,-1.0,1.0,0
0.3743119440727136,-0.5518620677667623,1.0,-1.0,1.0,0
-0.2705395382639827,0.02237593314334063,1.0,1.0,-1.0,0
-0.4542837162345943,0.038614357895236484,-1.0,1.0,1.0,0
0.18391068400223642,-0.18025094451069368,-1.0,1.0,-1.0,0
-0.47536659906178136,0.6692732054901975,-1.0,-1.0,-1.0,0
-0.722579726374784,-0.9709972402919176,1.0,1.0,-1.0,1
0.04702631075104535,-0.1730939521821604,1.0,1.0,-1.0,1
-0.45361879885900525,0.514014198190696,-1.0,1.0,-1.0,0
-0.1311215277011557,-0.9889757317310163,-1.0,1.0,1.0,1
-0.9639632286613414,0.019625343373332882,-1.0,-1.0,1.0,0
0.2274513872119377,-0.5716358162405113,-1.0,-1.0,1.0,0
-0.28204929455575933,-0.3231713977587831,1.0,1.0,1.0,1
-0.2520478828442364,0.2484808880918461,1.0,-1.0,-1.0,0
0.02158405345319858,0.733696559388717,-1.0,-1.0,1.0,1
0.2734355057538318,-0.19217461736026709,-1.0,-1.0,-1.0,0
0.9422207153411661,-0.35292309954894596,1.0,1.0,1.0,0
0.891471123106331,-0.8404434622813133,1.0,-1.0,-1.0,0
0.009784753835943016,0.9344559665697032,-1.0,1.0,1.0,0
0.4888507662307229,0.388679573327968,1.0,1.0,-1.0,1
0.904652925838829,0.9759349098777759,-1.0,-1.0,-1.0,1
-0.2832522563557256,0.0549060894542206,-1.0,-1.0,-1.0,0
-0.22181325148407038,0.1983067565830643,-1.0,1.0,1.0,0
-0.31131193184167116,-0.6810668219952697,1.0,-1.0,1.0,1
-0.5806936822917216,-0.522407483052818,1.0,1.0,-1.0,1
-0.6045974467349183,0.9950479364399367,-1.0,1.0,1.0,0
0.02875671560488291,-0.6348968546250693,1.0,1.0,-1.0,0
-0.06965907894888346,-0.842071868154634,1.0,1.0,-1.0,1
-0.21690591953705773,0.6109348479052872,-1.0,-1.0,1.0,0
0.6842638979756024,-0.17325603413396817,-1.0,1.0,-1.0,0
0.23230078880188287,0.8843799115587043,1.0,1.0,1.0,1
0.9934723154223717,-0.8020312693754729,1.0,1.0,-1.0,0
0.7684679896105706,-0.2809721735050965,1.0,1.0,-1.0,0
0.9466368151339641,-0.33352880764892656,-1.0,1.0,1.0,0
0.846416847994409,0.7868831428665046,-1.0,-1.0,-1.0,1
0.7218547999329854,-0.724391206004285,1.0,-1.0,1.0,0
0.0451871968066242,-0.6268172388934148,1.0,-1.0,1.0,0
0.6892341430684632,0.5651635120537164,1.0,-1.0,-1.0,1
-0.7842643354251617,-0.56244921715357,-1.0,-1.0,-1.0,1
-0.6340754386751191,0.3355591987262079,1.0,-1.0,-1.0,0
-0.32111110448387903,-0.01959982874969779,-1.0,1.0,-1.0,1
-0.5375336213492736,0.4861161623898098,1.0,-1.0,-1.0,0
0.3586955227913009,0.43110462261007143,1.0,1.0,-1.0,1
-0.7323013093364158,-0.33554400276667184,-1.0,1.0,1.0,1
0.6028585704940483,-0.9439823342913043,-1.0,1.0,-1.0,0
0.3508376465169163,-0.42201569183273,-1.0,-1.0,1.0,0
0.2373888964111357,-0.9536750725429737,1.0,1.0,1.0,0
0.6273794162524715,0.23606915894731095,1.0,-1.0,1.0,1
-0.09912048658822259,0.03117275088302529,-1.0,-1.0,-1.0,1
0.512966575790657,0.2730272357640191,1.0,-1.0,1.0,1
-0.5942481049586581,0.6252568421755342,-1.0,1.0,-1.0,0
-0.7134663359057563,0.017898577091868484,1.0,1.0,1.0,0
0.8915328795145232,0.6246523727190894,-1.0,1.0,-1.0,1
-0.13007001535658136,-0.5405264335974103,-1.0,-1.0,-1.0,1
0.8439802152830804,0.049570418519290005,-1.0,-1.0,1.0,1
-0.047147106754265145,-0.6487061245190913,1.0,1.0,1.0,1
0.8109191486078633,0.986159356196346,-1.0,-1.0,-1.0,1
0.2748615832379817,-0.7905445985634457,-1.0,-1.0,-1.0,0
0.9910672111866001,0.4975013459434392,-1.0,-1.0,1.0,1
0.18879552526959564,-0.35667461390164934,-1.0,-1.0,1.0,0
-0.14416434445015525,-0.1859307192989812,-1.0,-1.0,-1.0,1
-0.18307347985166678,0.8658090821836932,1.0,1.0,1.0,0
-0.6796393061910129,-0.8500638570119513,1.0,-1.0,-1.0,1
-0.49540398365460747,0.4204348917110665,1.0,1.0,-1.0,0
0.0061263582012045514,-0.7438588876460492,-1.0,-1.0,-1.0,1
0.05242083804781661,-0.9663611047516474,-1.0,1.0,1.0,0
-0.9716307791711828,-0.08825069568535593,-1.0,-1.0,-1.0,1
-0.3653610743188067,-0.3243722714198176,1.0,-1.0,1.0,1
-0.9251780032919547,0.9584493904117763,-1.0,-1.0,1.0,0
0.4917846456091184,-0.6089942984505061,-1.0,1.0,1.0,0
0.9469368647299281,0.8904847852926465,-1.0,-1.0,-1.0,1
0.9862680703499527,-0.7738957176508373,-1.0,-1.0,-1.0,0
0.8626072342327284,-0.12710111650204592,-1.0,1.0,1.0,0
0.16398766908808704,0.3016611756966985,1.0,1.0,1.0,1
0.30258731609032563,-0.48536187035914713,-1.0,1.0,1.0,0
-0.8627072200094876,0.8722997522209301,1.0,1.0,1.0,0
-0.17799586025901715,0.13105057761704342,-1.0,1.0,1.0,0
0.8729710805428292,-0.45077234564709734,1.0,-1.0,-1.0,0
-0.5511314777122982,-0.055366046428892424,-1.0,-1.0,-1.0,1
-0.11120891847749403,0.1539866170123163,-1.0,-1.0,1.0,0
0.0010280632495194286,0.5568530785320664,1.0,-1.0,-1.0,0
-0.6951780186710661,-0.3285167199051614,1.0,1.0,1.0,1
0.5607105890248756,0.3946575564070245,1.0,-1.0,1.0,1
0.9980535137641651,-0.7125254567488666,1.0,-1.0,1.0,0
0.1503183295600159,-0.23554396635758468,1.0,-1.0,-1.0,0
-0.6049373048564083,0.7389677750090295,-1.0,1.0,1.0,0
0.10011839904460995,0.7723948550174047,1.0,-1.0,-1.0,1
-0.3154569313378841,0.33692031885082163,-1.0,-1.0,-1.0,0
0.45553526294057467,-0.8931593888643299,1.0,-1.0,-1.0,0
-0.31239090882654963,0.30085264830983105,1.0,1.0,1.0,0
-0.9565083230056304,-0.638366488904468,1.0,-1.0,1.0,1
-0.8122460362790684,0.04108053731172778,-1.0,1.0,-1.0,0
0.9964348081659209,0.43795770213806606,-1.0,1.0,-1.0,1
-0.7391386423208763,-0.13838554033315764,-1.0,1.0,1.0,1
-0.0676296826620083,0.38542466109764484,-1.0,1.0,-1.0,0
0.28459949692999875,-0.6192965255879433,1.0,1.0,-1.0,0
-0.8710862565190692,0.4152649203827148,-1.0,1.0,-1.0,0
0.634426594851309,-0.4655187689968623,1.0,-1.0,1.0,0
-0.05906647753237915,-0.12464219128613796,1.0,-1.0,-1.0,1
0.1551687345383408,0.5886057411453145,1.0,-1.0,-1.0,1
-0.4975369212423977,0.7642442087527634,-1.0,-1.0,1.0,0
-0.8688397839255149,-0.8497279527085699,1.0,1.0,-1.0,1
0.9199319936724575,-0.4585717391177101,-1.0,-1.0,1.0,0
-0.5089432007404485,-0.4168234176008405,-1.0,-1.0,1.0,1
0.5262671914818129,-0.628027519604235,1.0,1.0,1.0,0
0.7805014009813549,0.41179981731342785,1.0,-1.0,-1.0,1
-0.36236956111007423,0.2984619039487244,-1.0,1.0,-1.0,0
-0.16383052345468896,-0.27912926432346763,-1.0,-1.0,1.0,1
0.6696608936195245,0.9480963984735566,-1.0,1.0,1.0,1
-0.0897793193772568,-0.703529575140118,1.0,-1.0,1.0,1
0.9867739223145255,0.5420696094630255,-1.0,1.0,1.0,1
-0.21835677238318074,0.7290078606653116,-1.0,-1.0,1.0,0
0.6249557575186737,-0.5874174976433131,1.0,-1.0,1.0,0
0.47705567539817184,0.4778059238012988,-1.0,-1.0,-1.0,1
-0.09800563781308536,0.43431497878555003,1.0,-1.0,1.0,0
0.27210276070452855,0.9665152412259406,1.0,-1.0,1.0,1
-0.9232108582210783,-0.8832937818221659,1.0,1.0,1.0,1
0.708806214182478,-0.3027639635089894,-1.0,1.0,1.0,0
0.9947936453351627,-0.6055884612103768,1.0,1.0,1.0,0
0.14352263452105785,-0.7855816913064224,1.0,-1.0,1.0,0
0.4668618653601815,0.9999999999999998,-1.0,-1.0,1.0,1
0.4930736452037152,0.9655970248608485,1.0,1.0,-1.0,1
0.7120631351748858,-0.49103633644995626,1.0,-1.0,1.0,0
-0.9520933975767176,0.8706574408804175,-1.0,-1.0,-1.0,0
0.43834220331681606,-0.1844648199506933,-1.0,1.0,1.0,0
-0.833025915249923,0.5416487287539351,1.0,-1.0,1.0,0
0.8485444048531132,0.9675927004703457,1.0,1.0,1.0,1
0.44404064055522285,-0.7318032536016899,1.0,-1.0,-1.0,0
-0.12664876878958686,0.38878522271088456,1.0,1.0,-1.0,0
-0.018935796211211553,-0.38659180596108,-1.0,-1.0,1.0,1
0.0029126741644303067,-0.553459418648794,1.0,-1.0,-1.0,1
-0.37187718070603826,0.1758963820573347,1.0,1.0,-1.0,0
-0.008280848390261442,-0.88359659755102,-1.0,1.0,1.0,1
-0.2843940662943226,0.9999009248227761,1.0,1.0,1.0,0
-0.46478666631398924,0.6732109257049295,1.0,1.0,-1.0,0
0.12630435365449877,-0.6737322894737374,-1.0,1.0,1.0,0
-0.27840798040120573,0.8667608115326755,-1.0,-1.0,1.0,0
0.14874048506384607,-0.5571368199248692,1.0,-1.0,1.0,0
-0.26391001692500926,0.2914280116564649,1.0,1.0,-1.0,0
0.24527881087164616,0.8516219884433902,1.0,-1.0,1.0,1
0.23001588260241856,0.9663495441470076,1.0,-1.0,1.0,1
-0.48466510009239483,0.5649476355145464,1.0,1.0,1.0,0
-0.5033778879037034,0.038159949266529214,1.0,1.0,-1.0,0
-0.5414296939074489,0.24496765520421282,-1.0,-1.0,1.0,0
-0.21937259946910792,0.8892039759098709,-1.0,-1.0,1.0,0
-0.6881628928000616,0.8320452622610588,1.0,1.0,-1.0,0
0.4954043112846984,0.4227636789273095,-1.0,-1.0,1.0,1
-0.3304202640301901,0.07513533998346378,-1.0,-1.0,-1.0,0
-0.2251049788766345,-0.4422552287350341,1.0,-1.0,1.0,1
0.10286637299589318,-0.4869092172112598,-1.0,1.0,1.0,0
0.6582628549880081,0.6000119785767235,-1.0,1.0,-1.0,1
-0.49349070444382226,0.26857569349728205,1.0,1.0,1.0,0
-0.6803544422930228,-0.6284101590611346,-1.0,-1.0,1.0,1
0.9899160052161566,-0.9376148411985153,1.0,-1.0,-1.0,0
-0.4731737034595729,-0.5110970966922148,-1.0,1.0,1.0,1
-0.143606992725821,-0.9425319953818002,1.0,-1.0,1.0,1
0.44431847213870523,0.022200509465449825,-1.0,1.0,-1.0,1
0.5324288848509973,0.46301882558835183,-1.0,-1.0,-1.0,1
-0.7234609209305977,-0.8687449568635095,-1.0,-1.0,-1.0,1
0.7499330977820233,0.6951089989228922,-1.0,1.0,1.0,1
-0.24911777026811277,-0.40947361649195946,1.0,1.0,1.0,1
-0.06310977864504907,-0.30860669650633066,1.0,-1.0,1.0,1
-0.2475483151020652,0.6585512962007853,-1.0,1.0,-1.0,0
-0.4083006969661307,-0.2325714399844936,1.0,1.0,1.0,1
-0.053640087790160496,0.8398052031345367,-1.0,1.0,1.0,0
0.53385182818417,-0.6121823522141459,1.0,1.0,-1.0,0
-0.03344990893741728,-0.547129296458349,1.0,-1.0,-1.0,1
-0.47263939461959426,-0.5039764048720472,1.0,-1.0,-1.0,1
-0.86635831289202,-0.2874198639089738,1.0,1.0,1.0,1
-0.27306898670513646,0.10217731646975348,1.0,1.0,1.0,0
0.40078783954304864,0.5467306086180443,1.0,-1.0,1.0,1
-0.580104279754488,-0.4728630821005635,1.0,-1.0,-1.0,1
-0.3423142536675584,-0.5077061160540768,-1.0,1.0,1.0,1
0.1704333663641069,0.3700919267154068,-1.0,-1.0,1.0,1
0.11458151229922153,-0.5704369686418413,-1.0,-1.0,-1.0,0
-0.2976500340365217,0.42408558121375317,1.0,1.0,1.0,0
0.2737210378477559,0.05445446456359049,1.0,-1.0,-1.0,1
-0.4598919723639505,-0.6374735065721988,-1.0,-1.0,-1.0,1
0.977984532324707,-0.03965787105564922,-1.0,1.0,1.0,0
0.8869655863908996,0.5753783515832658,1.0,-1.0,-1.0,1
-0.41208435540590027,-0.9389143122638139,-1.0,1.0,1.0,1
-0.42390214391775605,-0.9257969859340224,-1.0,1.0,1.0,1
0.06050527757275437,-0.3645690246725293,-1.0,1.0,-1.0,0
0.20397082356199592,-0.733480051101026,1.0,-1.0,1.0,0
-0.06788371472371235,-0.5970888376819627,1.0,1.0,1.0,1
-0.3187671031290009,0.6078667691621142,1.0,-1.0,1.0,0
0.4667749913621728,-0.18805554195051088,1.0,-1.0,1.0,0
-0.7076254426180432,0.3363656470449412,-1.0,1.0,-1.0,0
0.9300061316507051,0.7704737989217649,1.0,1.0,1.0,1
-0.6560223730995716,-0.3603628420884294,1.0,-1.0,1.0,1
-0.791659343469727,0.8876123806691232,1.0,-1.0,-1.0,0
-0.4193297019937764,0.48541205829489087,-1.0,-1.0,1.0,0
0.6043496257340897,0.9344555021717642,1.0,-1.0,1.0,1
0.2171348974059999,-0.9358042357387999,-1.0,-1.0,-1.0,0
-0.5448874028167536,-0.21061638266478677,-1.0,1.0,-1.0,1
0.4780221594549363,-0.0688115813056629,1.0,-1.0,1.0,0
-0.05146838729150316,-0.13271519087072736,1.0,-1.0,1.0,1
0.48991828504109436,0.4662319249354072,1.0,1.0,1.0,1
0.11925419045926278,0.7554822922387034,1.0,1.0,1.0,1
-0.7072048658562812,0.2097480557043203,1.0,-1.0,1.0,0
-0.4981497097133958,0.8150324980210246,1.0,1.0,1.0,0
-0.6616299013649716,-0.5804985458483858,-1.0,-1.0,1.0,1
-0.2543386402268498,0.642294713010731,-1.0,1.0,-1.0,0
-0.24562730927760512,0.6452900952795311,-1.0,1.0,-1.0,0
-0.6267216302961292,0.948734453434056,-1.0,1.0,1.0,0
0.648933616778123,0.7151486688120421,-1.0,1.0,-1.0,1
-0.9476370126638759,-0.8410724895446504,-1.0,-1.0,-1.0,1
0.9132254780456444,0.745451343958935,-1.0,1.0,-1.0,1
0.27445813232229344,-0.48224087148648964,1.0,1.0,1.0,0
-0.6948827713287216,-0.9389255985438338,-1.0,1.0,1.0,1
0.49741686843394883,-0.929157993770117,-1.0,-1.0,-1.0,0
0.763239954284264,0.4944520205336076,-1.0,1.0,1.0,1
0.12849767833633985,0.3218914567979414,-1.0,1.0,1.0,1
0.7812643274291138,-0.13924623187744467,-1.0,1.0,-1.0,0
0.6606578242401535,0.4747631071655847,-1.0,-1.0,1.0,1
-0.0870714049967315,0.3541282347997827,1.0,-1.0,-1.0,0
-0.45972987391112496,0.3010003622969577,-1.0,-1.0,-1.0,0
0.23422564983186134,-0.176851522891473,-1.0,1.0,-1.0,0
0.7308761660526126,0.6896111296156235,1.0,-1.0,-1.0,1
0.7462339249013796,-0.9389338808498006,1.0,1.0,1.0,0
0.14403341424855753,-0.5624949054549331,1.0,1.0,-1.0,0
-0.2357759504533885,-0.7853096230533172,1.0,-1.0,1.0,1
-0.38586171533585756,-0.27661057818024404,-1.0,-1.0,1.0,1
-0.703345571431088,0.30721023297915107,1.0,-1.0,1.0,0
-0.2675282307567597,0.8124477233284257,1.0,1.0,1.0,0
0.8998303281642055,-0.17299390738141052,1.0,-1.0,-1.0,0
-0.2696651123590341,0.23781134311967356,-1.0,1.0,1.0,0
-0.17501256850464608,-0.4921295693066893,1.0,1.0,-1.0,1
0.644642422796637,0.7678031886783063,1.0,-1.0,-1.0,1
-0.08374286735542702,-0.27950432511562673,1.0,1.0,-1.0,1
0.4372534074386287,0.30574083228442306,-1.0,-1.0,1.0,1
0.32357857586297056,0.5222304193224663,-1.0,-1.0,1.0,1
-0.7280167311990406,0.8840321186224671,1.0,1.0,-1.0,0
0.4317480856867437,-0.5389711604874964,-1.0,-1.0,1.0,0
-0.4419963814294341,0.354092648211799,-1.0,-1.0,-1.0,0
0.008188278188954623,-0.09569133157259602,-1.0,1.0,1.0,1
-0.27333636115022497,0.8812345551881344,1.0,-1.0,-1.0,0
0.06409829642291376,0.6820978248343206,1.0,-1.0,1.0,1
-0.09428464625345268,0.684231769564644,1.0,-1.0,-1.0,0
-0.3162512075308178,0.13761492136836329,1.0,1.0,1.0,0
0.6077895133583577,0.7620631982849693,-1.0,-1.0,1.0,1
0.4153757482417544,0.36414229351364313,1.0,-1.0,1.0,1
0.014030277542787406,0.07458911091443787,1.0,-1.0,1.0,1
-0.3773952319849715,-0.6672907478339114,-1.0,1.0,1.0,1
0.23843570791647384,-0.0006370588879964778,-1.0,-1.0,1.0,1
0.7036524477951609,0.9650519102411985,1.0,1.0,1.0,1
-0.1480141639108017,-0.8872013280633891,-1.0,1.0,-1.0,1
0.9959536299103078,-0.7848767135392424,1.0,-1.0,1.0,0
-0.7781274795686915,-0.26212372921997373,-1.0,-1.0,-1.0,1
0.3598403930082752,-0.4779945359577831,-1.0,-1.0,-1.0,0
0.9297436255752694,-0.0676418805022374,-1.0,1.0,-1.0,0
0.9058176953143802,-0.41337121727053383,1.0,1.0,1.0,0
-0.7051905284954814,0.20190102120388964,-1.0,1.0,1.0,0
-0.9196814137245011,0.4197541670605993,1.0,-1.0,1.0,0
0.8496962045304217,0.8153143127279892,-1.0,1.0,1.0,1
-0.9679775637414973,0.6954819721078547,1.0,1.0,1.0,0
0.5963826592697743,-0.47437044467974054,1.0,1.0,1.0,0
-0.9734676471797966,-0.6667180172187656,1.0,-1.0,-1.0,1
0.460479752387178,0.9480710718980561,-1.0,-1.0,-1.0,1
-0.588292117957014,0.24594851358406622,-1.0,-1.0,1.0,0
-0.5659348444549479,0.5420380882835858,-1.0,1.0,1.0,0
-0.33481818584695,-0.8342040551426575,1.0,1.0,-1.0,1
-0.04003670011437832,-0.5519376639196019,1.0,1.0,-1.0,1
-0.4909392568918348,-0.18248088632129134,-1.0,-1.0,1.0,1
0.25079855197603385,0.31967162103864877,1.0,1.0,1.0,1
0.6712108733923388,0.7770873437720383,1.0,-1.0,-1.0,1
-0.8060876982682434,0.8913924230159329,-1.0,1.0,-1.0,0
-0.5369370625832368,0.52102253562173,-1.0,-1.0,1.0,0
-0.6966332394999055,0.7263611583058431,-1.0,-1.0,1.0,0
0.38531225714944073,0.8168976478805221,1.0,-1.0,-1.0,1
0.6061415429593535,0.07441058836272729,-1.0,1.0,1.0,1
0.7311729075615119,0.9632472549514588,1.0,-1.0,1.0,1
0.6686909438301294,-0.3776178594671131,-1.0,-1.0,-1.0,0
-0.5862221549521687,-0.6757898396775481,-1.0,-1.0,1.0,1
-0.8912313815865472,0.8648635800055222,1.0,-1.0,1.0,0
0.6427584383398814,-0.9849994082262755,-1.0,1.0,-1.0,0
0.2667453961142725,0.36646581101327325,1.0,-1.0,1.0,1
0.16761886618337907,0.1694259909011071,-1.0,-1.0,1.0,1
0.9587691663598585,0.9634080629971504,-1.0,1.0,-1.0,1
-0.7511723313429761,-0.611325162993172,-1.0,-1.0,-1.0,1
-0.5870586854218154,-0.4956886189520243,1.0,-1.0,1.0,1
-0.2844610484997453,0.016773260713553784,1.0,-1.0,1.0,1
-0.5880449189812271,-0.1308701779453787,-1.0,1.0,1.0,1
0.5351255274239259,0.8065638104603008,-1.0,1.0,1.0,1
-0.40001111338278317,-0.35659473054103863,-1.0,-1.0,-1.0,1
-0.11638327736469278,-0.7455327381052066,-1.0,1.0,1.0,1
-0.6588336536322341,0.042090293415702806,1.0,-1.0,1.0,0
-0.11341681789589408,-0.2986205886321055,1.0,-1.0,-1.0,1
0.7804587480329257,0.17027928026685957,1.0,1.0,-1.0,1
-0.08715053163592235,0.6567198913772454,-1.0,-1.0,-1.0,0
-0.14213783641347844,0.9152141108854912,1.0,-1.0,-1.0,0
0.023670851365942047,0.35134676204317894,-1.0,-1.0,-1.0,1
0.21942960584913873,0.24122291793659834,-1.0,1.0,-1.0,1
-0.3010402100273081,0.32961169486103614,1.0,1.0,-1.0,0
0.16980838153848632,0.3334187011937626,-1.0,1.0,1.0,1
0.8327639564507747,-0.13097342566632608,-1.0,-1.0,1.0,0
-0.028797279547455923,0.9354925977331994,1.0,-1.0,1.0,0
-0.9624559255622572,-0.029743708681274295,1.0,-1.0,-1.0,1
-0.4923251159014601,-0.16242883505084738,-1.0,1.0,1.0,1
0.5258173124298686,-0.9913760685112264,-1.0,-1.0,1.0,0
-0.01629638866036509,-0.1409327360575362,1.0,-1.0,1.0,1
-0.04778225081637588,-0.7719014157616692,-1.0,-1.0,1.0,1
-1.0,0.6715997653500079,1.0,1.0,-1.0,0
0.32725035534756297,0.9219112247733912,1.0,1.0,1.0,1
0.37781158714075214,-0.13513311603927525,-1.0,-1.0,1.0,0
0.5522514840795587,0.47237977404427056,1.0,1.0,1.0,1
0.5890007477700627,0.9688797993817762,1.0,-1.0,-1.0,1
0.1932068792023458,0.9296602220463381,1.0,1.0,1.0,1
-0.8910914119363906,0.09530486438155394,1.0,1.0,1.0,0
0.5603016838371033,0.9354111227616471,1.0,-1.0,1.0,1
-0.4215806463993459,-0.1449047193103824,1.0,1.0,-1.0,1
-0.6761530946607247,0.5629858595728123,1.0,1.0,1.0,0
-0.44489294737631324,0.7747237942768748,-1.0,1.0,-1.0,0
-0.8875062417979034,-0.7839212220797314,1.0,-1.0,1.0,1
0.804476372610083,0.04990845159838897,-1.0,-1.0,1.0,1
0.3072173042278612,-0.9375225723492185,-1.0,-1.0,-1.0,0
-0.5639508842576342,-0.28727944919668313,-1.0,-1.0,-1.0,1
0.7517400531944589,-0.09278950369748151,-1.0,-1.0,1.0,0
0.5678782318138842,0.1445750331735911,-1.0,1.0,-1.0,1
-0.6390320606559194,0.3082524074603803,1.0,-1.0,-1.0,0
-0.14142736384396926,-0.5705586527895632,-1.0,1.0,1.0,1
0.7888473583502194,-0.21678464260700336,-1.0,-1.0,1.0,0
0.05884134293617049,0.6391253324633377,1.0,-1.0,1.0,1
0.1683902682372902,-0.5137258232200695,1.0,1.0,-1.0,0
-0.949255085342682,-0.28327809847874696,-1.0,1.0,-1.0,1
-0.670857138188213,0.6210624257066011,-1.0,-1.0,1.0,0
-0.31728349955101653,-0.9672847454717988,1.0,1.0,1.0,1
0.8469697022876421,-0.8611905364629691,-1.0,-1.0,-1.0,0
-0.4113749378982873,-0.3044796020461047,1.0,1.0,1.0,1
-0.20878199310540835,0.7005043115193421,1.0,1.0,-1.0,0
-0.5243789272933672,0.2925097616986405,-1.0,-1.0,1.0,0
-0.8142523339356994,0.7998987308847476,-1.0,1.0,1.0,0
0.7089776113110626,0.09588292444237956,-1.0,-1.0,-1.0,1
-0.03216081996911191,0.2661748797534358,1.0,1.0,1.0,0
-0.16634081711510018,-0.5312173545482395,-1.0,1.0,-1.0,1
0.02934211396669073,0.502718561870666,1.0,1.0,1.0,1
0.3514409044380147,0.2778329591575912,1.0,1.0,-1.0,1
0.935366307851206,-0.5060476062894905,-1.0,1.0,1.0,0
-0.5798523596849373,-0.46711292650931535,1.0,1.0,1.0,1
0.07121635690517425,0.8174061210525707,-1.0,-1.0,1.0,1
-0.3629147589273024,-0.0872144953547056,-1.0,-1.0,1.0,1
0.29075218446992923,-0.5174395043843057,-1.0,1.0,-1.0,0
-0.7705598017298321,-0.7185186422379449,1.0,1.0,-1.0,1
-0.6347171802644942,0.6625599263483166,1.0,-1.0,1.0,0
-0.8207577714428811,-0.610495261443792,1.0,1.0,1.0,1
-0.6127158489886854,0.25452056649094956,1.0,1.0,1.0,0
-0.5868974910102265,-0.9664832193449494,-1.0,-1.0,-1.0,1
0.7768748782870016,-0.32218253532610175,1.0,1.0,1.0,0
0.20114987598048772,0.31757522348464895,-1.0,-1.0,1.0,1
0.7588178334181339,0.5011083607108442,1.0,-1.0,-1.0,1
-0.6635096873887842,0.516204524456062,-1.0,-1.0,-1.0,0
0.10658378181543071,-0.20680358919263842,1.0,1.0,-1.0,0
0.2185446887170519,-0.18950883851205935,-1.0,-1.0,-1.0,0
-0.8558218442442073,0.694689886235712,1.0,-1.0,-1.0,0
0.5525321264481822,-0.7242521598153797,1.0,1.0,1.0,0
0.7809881534976686,0.918132254958506,-1.0,-1.0,1.0,1
-0.6737529603839489,0.34301752059926627,-1.0,1.0,1.0,0
-0.13297754667055028,0.6606664584318294,1.0,-1.0,-1.0,0
-0.05759950220199128,0.5769525034909839,1.0,-1.0,1.0,0
-0.6277374285538815,0.24183790392823612,1.0,-1.0,1.0,0
-0.7637032090258189,-0.8803708255372206,1.0,-1.0,1.0,1
-0.12488445744071641,0.9325961592437693,1.0,1.0,-1.0,0
0.022678441975524377,0.722677830784433,-1.0,-1.0,1.0,1
-0.03270418764586591,0.23658976598686143,1.0,-1.0,-1.0,0
0.5010486841906931,0.02693984807454064,1.0,1.0,-1.0,1
-0.98043148826458,0.21931620085078918,1.0,1.0,-1.0,0
-0.9128722103581626,0.9730859598654544,1.0,1.0,1.0,0
0.5041959975684676,0.11481684010281223,-1.0,-1.0,-1.0,1
0.2755605828311041,0.6814705299422943,-1.0,-1.0,-1.0,1
0.5231826278199958,0.4713472977997444,1.0,-1.0,1.0,1
-0.036711064106911384,-0.13056088065209082,-1.0,1.0,-1.0,1
-0.1460784707187357,-0.07275729914938334,1.0,1.0,1.0,1
-0.7858037418909918,0.3750791561321851,1.0,-1.0,-1.0,0
0.5258465684320981,0.6275802719571346,-1.0,-1.0,1.0,1
0.6930945094455925,-0.6766435114038999,1.0,-1.0,-1.0,0
-0.6291126727070484,0.28998420605505415,1.0,-1.0,-1.0,0
-0.1379713933997715,-0.30890690395323017,1.0,-1.0,-1.0,1
0.5634148161679144,0.9083699899967108,1.0,1.0,-1.0,1
0.49574126777742333,0.29905430134385047,1.0,1.0,-1.0,1
-0.7272054579675677,-0.7328308678460386,-1.0,-1.0,-1.0,1
-0.8363967357005859,0.7629710094938873,1.0,1.0,1.0,0
-0.40073274858060026,0.5047880299287226,1.0,1.0,1.0,0
0.7967551417375907,0.4986311389549176,-1.0,-1.0,1.0,1
-0.8759730188670808,0.7669856388395977,-1.0,1.0,-1.0,0
-0.2479487910101953,-0.7914648564595292,-1.0,1.0,1.0,1
0.31985677693406056,0.3345336605371798,1.0,-1.0,1.0,1
0.7932510134540693,-0.5499696776550493,1.0,1.0,1.0,0
0.3113586236409869,-0.6364431558758697,-1.0,-1.0,-1.0,0
0.8738132135469177,-0.2826129318158176,1.0,-1.0,-1.0,0
-0.46395767594461645,-0.7349015514703312,1.0,1.0,-1.0,1
-0.9380182834360373,0.047674772271372845,-1.0,-1.0,-1.0,0
-0.47256954558663367,-0.2160817052410281,-1.0,1.0,1.0,1
0.34299041780234396,-0.3241682566120324,1.0,-1.0,1.0,0
0.03692554176347418,-0.5812662411007439,-1.0,-1.0,1.0,0
-0.031311072088266556,0.2225639738941485,1.0,1.0,1.0,0
-0.6513106863104452,0.9541238124747304,1.0,1.0,1.0,0
0.8610865981109894,0.21327517196657486,1.0,-1.0,1.0,1
0.23120289108634462,-0.7587263995064188,1.0,-1.0,-1.0,0
-0.7532450055363527,0.18815381108589735,1.0,-1.0,-1.0,0
-0.5484321092935398,-0.47009871004612513,-1.0,-1.0,-1.0,1
0.4631549265513566,-0.9053618189733,-1.0,1.0,1.0,0
0.8620886064290398,0.3157346278429487,1.0,-1.0,-1.0,1
0.9244420361843484,-0.6507239965993119,1.0,1.0,1.0,0
-0.2960556262709356,0.5942080828718312,1.0,1.0,1.0,0
-0.5548107954526531,0.9599511786790711,-1.0,-1.0,-1.0,0
0.03958098677915545,-0.48596614833661045,-1.0,1.0,-1.0,0
-0.5014552949507145,-0.6172242544935351,-1.0,1.0,-1.0,1
-0.4820504738171253,-0.7198540037278962,-1.0,-1.0,1.0,1
-0.08153257821669024,0.44329387216825133,-1.0,-1.0,1.0,0
0.9813123055685706,0.6325389565799626,-1.0,1.0,1.0,1
0.9972424106947972,0.13178912244434682,1.0,-1.0,1.0,1
0.15915838903985513,-0.5784531923501328,1.0,1.0,-1.0,0
-0.28189898386660606,0.12412971500523451,1.0,-1.0,1.0,0
-0.19258679381889576,-0.46300764350275214,1.0,-1.0,-1.0,1
0.5291102796242373,0.12027593131712422,1.0,-1.0,-1.0,1
-0.18712039347969067,-0.6096006269037917,-1.0,1.0,-1.0,1
0.56198017257856,0.4997662395341771,-1.0,1.0,1.0,1
0.026148420289955343,-0.1796853256076536,-1.0,-1.0,1.0,1
-0.9450305047266092,-0.14664261139272394,-1.0,-1.0,1.0,1
-0.11484400858540367,0.7873122701266047,-1.0,1.0,1.0,0
0.7035905684150163,0.3089474645313077,1.0,1.0,1.0,1
-0.6231116232302454,0.33330963562391847,1.0,1.0,1.0,0
0.517103094654779,0.19266801847448556,-1.0,-1.0,1.0,1
0.8800148735112518,0.2397730075381188,1.0,-1.0,-1.0,1
-0.08561357913799239,-0.23295514340852463,-1.0,1.0,1.0,1
0.12256842563306103,0.5570527253073598,1.0,-1.0,1.0,1
0.5703559898835531,0.8601386056038509,1.0,-1.0,-1.0,1
0.14223387606852356,0.0857462332721377,1.0,-1.0,1.0,1
-0.5852737623602853,0.4994316583812739,1.0,-1.0,1.0,0
0.07384852204496672,0.6205933391669094,1.0,-1.0,1.0,1
-0.20700793163707065,0.9704585796775154,-1.0,1.0,1.0,0
0.7956371887293332,0.19213461486903016,1.0,-1.0,-1.0,1
-0.5934591081143596,0.9876418847444504,1.0,1.0,1.0,0
-0.8031772810430169,0.2769543851814238,-1.0,-1.0,-1.0,0
-0.07428260529577613,0.37776785657163137,-1.0,1.0,1.0,0
-0.3912833124706395,0.699407791903609,-1.0,-1.0,1.0,0
-0.23638934398650213,-0.7850855558391758,-1.0,-1.0,-1.0,1
-0.3338482700043751,-0.43263568900836535,1.0,-1.0,-1.0,1
-0.2691238794674804,-0.48215177367922124,-1.0,1.0,-1.0,1
-0.7098420428852925,0.312764527111665,1.0,1.0,-1.0,0
-0.5767222641671353,-0.25412093268416514,-1.0,1.0,-1.0,1
0.5225139219732253,0.5573206700348419,-1.0,1.0,-1.0,1
-0.3860028492520081,-0.01885814580230305,1.0,-1.0,-1.0,1
0.5594079719485616,0.8343920230812465,1.0,-1.0,-1.0,1
0.30460440998719585,-0.7173956292963746,-1.0,-1.0,1.0,0
0.24086626779454812,0.3933566786496683,1.0,1.0,-1.0,1
-0.4101581342021169,0.06344040019373232,1.0,-1.0,1.0,0
-0.36987387360363977,-0.06826470219545122,1.0,1.0,-1.0,1
0.8189966179952581,0.16575240297020066,1.0,1.0,-1.0,1
-0.8384896849154295,-0.5902542194940605,-1.0,1.0,1.0,1
0.16345692313368487,-0.10158540585663334,1.0,-1.0,1.0,0
0.3515288242668184,0.7757184976859564,1.0,-1.0,-1.0,1
0.4528950561217171,0.48372867554502874,1.0,-1.0,1.0,1
-0.719706314280584,-0.03564046025608991,1.0,1.0,-1.0,1
0.2493988489173644,-0.6069667604224946,-1.0,1.0,-1.0,0
-0.98987728115781,0.11591324462546315,1.0,-1.0,1.0,0
-0.22985598795525575,-0.2575426876303286,-1.0,1.0,1.0,1
0.7393204564615621,0.2538156260400881,-1.0,-1.0,1.0,1
-0.9494312207248901,0.29058878582378767,1.0,-1.0,-1.0,0
-0.516573403433833,0.423371350475122,-1.0,-1.0,1.0,0
0.9574823090285862,0.601015978185828,1.0,-1.0,-1.0,1
0.4319596939491812,0.3428112019271412,1.0,-1.0,1.0,1
-0.2059317062161904,0.77992646828973,-1.0,-1.0,-1.0,0
0.13674121503707815,-0.7864275834595131,1.0,1.0,-1.0,0
0.2776690718492367,0.47420296744927515,-1.0,-1.0,1.0,1
0.9637804020560417,0.5667803472199862,-1.0,1.0,1.0,1
0.9761237062278572,-0.6362836649562623,1.0,1.0,-1.0,0
